"Status","SanctuarySection","ClassType","CollectionName","Title","FileName","FullPath","SizeGB","LastWriteTime","BunnyVideoId","BunnyStatus","UploadedAt","Notes"
"uploaded","Live Studio Classes","Somatic Vinyasa","Live Studio Classes - Somatic Vinyasa","2026-01-19 Monday Somatic Vinyasa 17-57-30","2026-01-19 Monday Somatic Vinyasa 17-57-30 (edited) (rerun).mp4","D:\Beyond the Bend Yoga Live Classes\Outbox\2026-01-19 Monday Somatic Vinyasa 17-57-30 (edited) (rerun).mp4","1.19","2026-06-28 19:24:36","373bf1e6-6335-42c9-8b0a-acb2f65d9446","uploaded_to_bunny_processing","2026-06-30 23:42:57",""
"skip_duplicate","Live Studio Classes","Somatic Vinyasa","Live Studio Classes - Somatic Vinyasa","2026-01-19 Monday Somatic Vinyasa 17-57-30","2026-01-19 Monday Somatic Vinyasa 17-57-30 (edited).mp4","D:\Beyond the Bend Yoga Live Classes\Outbox\2026-01-19 Monday Somatic Vinyasa 17-57-30 (edited).mp4","1.54","2026-06-25 04:53:07","","","","Older duplicate of rerun export kept out of Bunny upload"
"uploaded","Live Studio Classes","Restorative","Live Studio Classes - Restorative","2026-01-20 Tuesday Restorative 17-35-26","2026-01-20 Tuesday Restorative 17-35-26 (edited).mp4","D:\Beyond the Bend Yoga Live Classes\Outbox\2026-01-20 Tuesday Restorative 17-35-26 (edited).mp4","1.57","2026-06-25 17:17:38","dbb8029c-a5c8-4bca-97df-7e2fae0d2920","uploaded_to_bunny_processing","2026-07-01 00:08:48",""
"uploaded","Live Studio Classes","Restorative","Live Studio Classes - Restorative","2026-01-27 Tuesday Restorative 09-49-43","2026-01-27 Tuesday Restorative 09-49-43 (edited).mp4","D:\Beyond the Bend Yoga Live Classes\Outbox\2026-01-27 Tuesday Restorative 09-49-43 (edited).mp4","1.65","2026-06-25 17:00:44","fef05173-e42d-4acb-b5f8-eb39952ddf78","uploaded_to_bunny_processing","2026-07-01 00:19:51",""
"uploaded","Live Studio Classes","Restorative","Live Studio Classes - Restorative","2026-01-27 Tuesday Restorative 17-49-56","2026-01-27 Tuesday Restorative 17-49-56 (edited).mp4","D:\Beyond the Bend Yoga Live Classes\Outbox\2026-01-27 Tuesday Restorative 17-49-56 (edited).mp4","1.6","2026-06-25 17:25:00","92c4e2ed-8929-4905-952b-1fc5ca04b4d8","uploaded_to_bunny_processing","2026-07-01 00:30:30",""
"uploaded","Live Studio Classes","Restorative","Live Studio Classes - Restorative","2026-02-03 Tuesday Restorative 09-44-49","2026-02-03 Tuesday Restorative 09-44-49 (edited).mp4","D:\Beyond the Bend Yoga Live Classes\Outbox\2026-02-03 Tuesday Restorative 09-44-49 (edited).mp4","1.13","2026-06-25 17:32:09","f7c9e634-5e40-4e86-be00-38eed43d3bed","uploaded_to_bunny_processing","2026-07-01 00:37:59",""
"uploaded","Live Studio Classes","Restorative","Live Studio Classes - Restorative","2026-02-03 Tuesday Restorative 17-47-54","2026-02-03 Tuesday Restorative 17-47-54 (edited).mp4","D:\Beyond the Bend Yoga Live Classes\Outbox\2026-02-03 Tuesday Restorative 17-47-54 (edited).mp4","1.63","2026-06-25 18:44:51","32c0c874-fd9a-41dc-97e5-bae879228f36","uploaded_to_bunny_processing","2026-07-01 00:48:22",""
"uploaded","Live Studio Classes","Somatic Hatha","Live Studio Classes - Somatic Hatha","2026-02-04 Wednesday Somatikatha 09-44-59","2026-02-04 Wednesday Somatikatha 09-44-59 (edited).mp4","D:\Beyond the Bend Yoga Live Classes\Outbox\2026-02-04 Wednesday Somatikatha 09-44-59 (edited).mp4","1.35","2026-06-25 17:56:34","22c2140d-06da-4d6b-8bcd-89c1530ef44a","uploaded_to_bunny_processing","2026-07-01 00:56:31",""
"uploaded","Live Studio Classes","Somatic Vinyasa","Live Studio Classes - Somatic Vinyasa","2026-02-09 Monday Somatic Vinyasa 17-43-58","2026-02-09 Monday Somatic Vinyasa 17-43-58 (edited).mp4","D:\Beyond the Bend Yoga Live Classes\Outbox\2026-02-09 Monday Somatic Vinyasa 17-43-58 (edited).mp4","1.53","2026-06-25 18:51:46","28a021e9-ad26-4842-b3c4-1310bc2768b4","uploaded_to_bunny_processing","2026-07-01 01:06:03",""
"uploaded","Live Studio Classes","Restorative","Live Studio Classes - Restorative","2026-02-10 Tuesday Restorative 09-43-52","2026-02-10 Tuesday Restorative 09-43-52 (edited).mp4","D:\Beyond the Bend Yoga Live Classes\Outbox\2026-02-10 Tuesday Restorative 09-43-52 (edited).mp4","1.17","2026-06-25 18:07:44","286f4edd-76da-49b7-8b5e-bb29fdb6fb5d","uploaded_to_bunny_processing","2026-07-01 01:13:28",""
"uploaded","Live Studio Classes","Somatic Vinyasa","Live Studio Classes - Somatic Vinyasa","2026-02-16 Monday Somatic Vinyasa 17-39-40","2026-02-16 Monday Somatic Vinyasa 17-39-40 (edited).mp4","D:\Beyond the Bend Yoga Live Classes\Outbox\2026-02-16 Monday Somatic Vinyasa 17-39-40 (edited).mp4","1.68","2026-06-25 18:58:55","16910e4a-02d2-4792-9208-27975a07f40e","uploaded_to_bunny_processing","2026-07-01 01:23:41",""
"uploaded","Live Studio Classes","Restorative","Live Studio Classes - Restorative","2026-02-17 Tuesday Restorative 17-42-58","2026-02-17 Tuesday Restorative 17-42-58 (edited).mp4","D:\Beyond the Bend Yoga Live Classes\Outbox\2026-02-17 Tuesday Restorative 17-42-58 (edited).mp4","1.55","2026-06-25 19:05:54","05508cf1-847c-434d-84c6-70d093cbe687","uploaded_to_bunny_processing","2026-07-01 01:33:36",""
"uploaded","Live Studio Classes","Somatic Hatha","Live Studio Classes - Somatic Hatha","2026-02-18 Wednesday Somatikatha 09-48-50","2026-02-18 Wednesday Somatikatha 09-48-50 (edited).mp4","D:\Beyond the Bend Yoga Live Classes\Outbox\2026-02-18 Wednesday Somatikatha 09-48-50 (edited).mp4","1.37","2026-06-25 18:24:18","e673a8fc-a06d-4e6f-8a00-1ca3fe476e16","uploaded_to_bunny_processing","2026-07-01 01:42:07",""
"uploaded","Live Studio Classes","Restorative","Live Studio Classes - Restorative","2026-02-24 Tuesday Restorative 09-45-13","2026-02-24 Tuesday Restorative 09-45-13 (edited).mp4","D:\Beyond the Bend Yoga Live Classes\Outbox\2026-02-24 Tuesday Restorative 09-45-13 (edited).mp4","1.36","2026-06-25 19:12:38","9a129984-dffb-4ff7-8dd8-e2095557e445","uploaded_to_bunny_processing","2026-07-01 01:50:26",""
"uploaded","Live Studio Classes","Somatic Hatha","Live Studio Classes - Somatic Hatha","2026-02-25 Wednesday Somatikatha 09-38-37","2026-02-25 Wednesday Somatikatha 09-38-37 (edited).mp4","D:\Beyond the Bend Yoga Live Classes\Outbox\2026-02-25 Wednesday Somatikatha 09-38-37 (edited).mp4","1.21","2026-06-25 19:19:30","e3ab064b-b93c-4a09-9080-74c5b1272455","uploaded_to_bunny_processing","2026-07-01 01:59:00",""
"uploaded","Live Studio Classes","Somatic Vinyasa","Live Studio Classes - Somatic Vinyasa","2026-03-02 Monday Somatic Vinyasa 17-41-17","2026-03-02 Monday Somatic Vinyasa 17-41-17 (edited).mp4","D:\Beyond the Bend Yoga Live Classes\Outbox\2026-03-02 Monday Somatic Vinyasa 17-41-17 (edited).mp4","1.77","2026-06-25 22:14:59","c5be3726-e312-4f8c-b356-81179b7c2370","uploaded_to_bunny_processing","2026-07-01 02:11:47",""
"uploaded","Live Studio Classes","Restorative","Live Studio Classes - Restorative","2026-03-03 Tuesday Restorative 09-48-02","2026-03-03 Tuesday Restorative 09-48-02 (edited).mp4","D:\Beyond the Bend Yoga Live Classes\Outbox\2026-03-03 Tuesday Restorative 09-48-02 (edited).mp4","1.8","2026-06-26 03:18:38","2d804b8a-699c-491e-9254-6179d27ffaf6","uploaded_to_bunny_processing","2026-07-01 02:22:17",""
"uploaded","Live Studio Classes","Somatic Hatha","Live Studio Classes - Somatic Hatha","2026-03-04 Wednesday Somatikatha 12-05-47","2026-03-04 Wednesday Somatikatha 12-05-47 (edited).mp4","D:\Beyond the Bend Yoga Live Classes\Outbox\2026-03-04 Wednesday Somatikatha 12-05-47 (edited).mp4","0.73","2026-06-26 03:21:48","2e48a443-021b-4149-a6b7-8e7842dbdd5f","uploaded_to_bunny_processing","2026-07-01 02:26:54",""
"uploaded","Live Studio Classes","Restorative","Live Studio Classes - Restorative","2026-03-10 Tuesday Restorative 09-30-39","2026-03-10 Tuesday Restorative 09-30-39 (edited).mp4","D:\Beyond the Bend Yoga Live Classes\Outbox\2026-03-10 Tuesday Restorative 09-30-39 (edited).mp4","1.43","2026-06-25 22:31:20","79aad1d4-65d4-4f5c-8166-0803b3e7b785","uploaded_to_bunny_processing","2026-07-01 02:35:00",""
"uploaded","Live Studio Classes","Restorative","Live Studio Classes - Restorative","2026-03-10 Tuesday Restorative 17-48-16","2026-03-10 Tuesday Restorative 17-48-16 (edited).mp4","D:\Beyond the Bend Yoga Live Classes\Outbox\2026-03-10 Tuesday Restorative 17-48-16 (edited).mp4","1.46","2026-06-25 22:39:17","4f34b45f-b447-4950-873a-499b8e0216dd","uploaded_to_bunny_processing","2026-07-01 02:43:16",""
"uploaded","Live Studio Classes","Somatic Hatha","Live Studio Classes - Somatic Hatha","2026-03-11 Wednesday Somatikatha 09-36-40","2026-03-11 Wednesday Somatikatha 09-36-40 (edited).mp4","D:\Beyond the Bend Yoga Live Classes\Outbox\2026-03-11 Wednesday Somatikatha 09-36-40 (edited).mp4","1.39","2026-06-26 03:29:16","3415509d-dcc3-4aed-971d-22148d7bb646","uploaded_to_bunny_processing","2026-07-01 02:51:21",""
"uploaded","Live Studio Classes","Somatic Vinyasa","Live Studio Classes - Somatic Vinyasa","2026-03-16 Monday Somatic Vinyasa 17-37-11","2026-03-16 Monday Somatic Vinyasa 17-37-11 (edited).mp4","D:\Beyond the Bend Yoga Live Classes\Outbox\2026-03-16 Monday Somatic Vinyasa 17-37-11 (edited).mp4","1.84","2026-06-26 03:37:02","4b3a154a-0fa2-43dc-8314-7083711a2366","uploaded_to_bunny_processing","2026-07-01 12:38:50",""
"uploaded","Live Studio Classes","Restorative","Live Studio Classes - Restorative","2026-03-17 Tuesday Restorative 09-55-41","2026-03-17 Tuesday Restorative 09-55-41 (edited).mp4","D:\Beyond the Bend Yoga Live Classes\Outbox\2026-03-17 Tuesday Restorative 09-55-41 (edited).mp4","1.47","2026-06-26 03:44:16","feeaa0ca-6d6d-4077-9c92-260e9b81d7f4","uploaded_to_bunny_processing","2026-07-01 12:49:12",""
"uploaded","Live Studio Classes","Restorative","Live Studio Classes - Restorative","2026-03-17 Tuesday Restorative 17-32-30","2026-03-17 Tuesday Restorative 17-32-30 (edited).mp4","D:\Beyond the Bend Yoga Live Classes\Outbox\2026-03-17 Tuesday Restorative 17-32-30 (edited).mp4","1.9","2026-06-25 23:00:00","8273d13d-0711-455c-801e-bc0eb345c8f5","uploaded_to_bunny_processing","2026-07-01 03:07:27",""
"uploaded","Live Studio Classes","Somatic Hatha","Live Studio Classes - Somatic Hatha","2026-03-18 Wednesday Somatikatha 09-39-25","2026-03-18 Wednesday Somatikatha 09-39-25 (edited).mp4","D:\Beyond the Bend Yoga Live Classes\Outbox\2026-03-18 Wednesday Somatikatha 09-39-25 (edited).mp4","1.48","2026-06-26 03:51:22","f6c3919c-bbd3-426c-814a-ed970b24cb15","uploaded_to_bunny_processing","2026-07-01 03:15:36",""
"uploaded","Live Studio Classes","Somatic Vinyasa","Live Studio Classes - Somatic Vinyasa","2026-03-23 Monday Somatic Vinyasa 17-43-42","2026-03-23 Monday Somatic Vinyasa 17-43-42 (edited).mp4","D:\Beyond the Bend Yoga Live Classes\Outbox\2026-03-23 Monday Somatic Vinyasa 17-43-42 (edited).mp4","1.81","2026-06-26 14:33:47","11051133-fe2b-44c0-9578-e6e69d7d818e","uploaded_to_bunny_processing","2026-07-01 03:26:05",""
"uploaded","Live Studio Classes","Restorative","Live Studio Classes - Restorative","2026-03-24 Tuesday Restorative 09-43-16","2026-03-24 Tuesday Restorative 09-43-16 (edited).mp4","D:\Beyond the Bend Yoga Live Classes\Outbox\2026-03-24 Tuesday Restorative 09-43-16 (edited).mp4","1.63","2026-06-26 14:41:38","b228ac9a-1a59-41b8-a3c1-1d8c71d1384e","uploaded_to_bunny_processing","2026-07-01 03:35:50",""
"uploaded","Live Studio Classes","Restorative","Live Studio Classes - Restorative","2026-03-24 Tuesday Restorative 17-31-56","2026-03-24 Tuesday Restorative 17-31-56 (edited).mp4","D:\Beyond the Bend Yoga Live Classes\Outbox\2026-03-24 Tuesday Restorative 17-31-56 (edited).mp4","2.05","2026-06-25 23:25:17","e5d27e3e-4890-4a96-ab71-078640e7cd90","uploaded_to_bunny_processing","2026-07-01 03:47:23",""
"uploaded","Live Studio Classes","Somatic Hatha","Live Studio Classes - Somatic Hatha","2026-03-25 Wednesday Somatikatha 09-45-36","2026-03-25 Wednesday Somatikatha 09-45-36 (edited).mp4","D:\Beyond the Bend Yoga Live Classes\Outbox\2026-03-25 Wednesday Somatikatha 09-45-36 (edited).mp4","1.32","2026-06-26 03:58:44","f2609483-dc7a-415a-88ff-aa059fd790cf","uploaded_to_bunny_processing","2026-07-01 03:54:10",""
"uploaded","Live Studio Classes","Somatic Vinyasa","Live Studio Classes - Somatic Vinyasa","2026-03-30 Monday Somatic Vinyasa 17-44-18","2026-03-30 Monday Somatic Vinyasa 17-44-18 (edited).mp4","D:\Beyond the Bend Yoga Live Classes\Outbox\2026-03-30 Monday Somatic Vinyasa 17-44-18 (edited).mp4","1.71","2026-06-26 04:08:11","7a5737f9-4019-41dc-9f0a-50b442222fd1","uploaded_to_bunny_processing","2026-07-01 04:04:06",""
"uploaded","Live Studio Classes","Restorative","Live Studio Classes - Restorative","2026-03-31 Tuesday Restorative 09-45-34","2026-03-31 Tuesday Restorative 09-45-34 (edited).mp4","D:\Beyond the Bend Yoga Live Classes\Outbox\2026-03-31 Tuesday Restorative 09-45-34 (edited).mp4","1.36","2026-06-26 04:15:05","1eff0e3c-01ae-4d68-ad45-1a609d45f53c","uploaded_to_bunny_processing","2026-07-01 04:12:27",""
"uploaded","Live Studio Classes","Restorative","Live Studio Classes - Restorative","2026-03-31 Tuesday Restorative 17-33-04","2026-03-31 Tuesday Restorative 17-33-04 (edited).mp4","D:\Beyond the Bend Yoga Live Classes\Outbox\2026-03-31 Tuesday Restorative 17-33-04 (edited).mp4","1.9","2026-06-26 04:22:59","9450ac22-aa0f-4cf1-8049-e156b3644313","uploaded_to_bunny_processing","2026-07-01 04:23:46",""
"uploaded","Live Studio Classes","Somatic Hatha","Live Studio Classes - Somatic Hatha","2026-04-01 Wednesday Somatikatha 09-40-18","2026-04-01 Wednesday Somatikatha 09-40-18 (edited).mp4","D:\Beyond the Bend Yoga Live Classes\Outbox\2026-04-01 Wednesday Somatikatha 09-40-18 (edited).mp4","1.54","2026-06-26 04:30:28","bb973b66-7b2f-4181-9da6-e788ed7e1233","uploaded_to_bunny_processing","2026-07-01 04:33:48",""
"uploaded","Live Studio Classes","Somatic Vinyasa","Live Studio Classes - Somatic Vinyasa","2026-04-06 Monday Somatic Vinyasa 17-35-38","2026-04-06 Monday Somatic Vinyasa 17-35-38 (edited).mp4","D:\Beyond the Bend Yoga Live Classes\Outbox\2026-04-06 Monday Somatic Vinyasa 17-35-38 (edited).mp4","2.25","2026-06-25 23:56:33","2b46f3e5-fd40-49f0-ba70-c022b44a55e6","uploaded_to_bunny_processing","2026-07-01 04:48:45",""
"uploaded","Live Studio Classes","Restorative","Live Studio Classes - Restorative","2026-04-07 Tuesday Restorative 09-39-36","2026-04-07 Tuesday Restorative 09-39-36 (edited).mp4","D:\Beyond the Bend Yoga Live Classes\Outbox\2026-04-07 Tuesday Restorative 09-39-36 (edited).mp4","1.55","2026-06-26 04:37:41","c1a7d253-0a91-43d1-89f1-efbc312c19bc","uploaded_to_bunny_processing","2026-07-01 04:59:22",""
"uploaded","Live Studio Classes","Somatic Vinyasa","Live Studio Classes - Somatic Vinyasa","2026-04-13 Monday Somatic Vinyasa 17-48-20","2026-04-13 Monday Somatic Vinyasa 17-48-20 (edited).mp4","D:\Beyond the Bend Yoga Live Classes\Outbox\2026-04-13 Monday Somatic Vinyasa 17-48-20 (edited).mp4","1.8","2026-06-26 04:45:22","39569d55-91f5-43bb-9248-b0cdd46fdf70","uploaded_to_bunny_processing","2026-07-01 05:10:16",""
"uploaded","Live Studio Classes","Restorative","Live Studio Classes - Restorative","2026-04-14 Tuesday Restorative 09-41-49","2026-04-14 Tuesday Restorative 09-41-49 (edited).mp4","D:\Beyond the Bend Yoga Live Classes\Outbox\2026-04-14 Tuesday Restorative 09-41-49 (edited).mp4","1.65","2026-06-26 04:52:42","2203c7a0-e692-47ac-ba2b-2b5a99e408c5","uploaded_to_bunny_processing","2026-07-01 05:19:59",""
"uploaded","Live Studio Classes","Somatic Hatha","Live Studio Classes - Somatic Hatha","2026-04-15 Wednesday Somatikatha 10-26-30","2026-04-15 Wednesday Somatikatha 10-26-30 (edited).mp4","D:\Beyond the Bend Yoga Live Classes\Outbox\2026-04-15 Wednesday Somatikatha 10-26-30 (edited).mp4","1.13","2026-06-26 03:01:19","70242ec7-b6d9-46dd-adfe-72436f182bec","uploaded_to_bunny_processing","2026-07-01 05:29:14",""
"uploaded","Live Studio Classes","Restorative","Live Studio Classes - Restorative","2026-04-21 Tuesday Restorative 09-45-03","2026-04-21 Tuesday Restorative 09-45-03 (edited).mp4","D:\Beyond the Bend Yoga Live Classes\Outbox\2026-04-21 Tuesday Restorative 09-45-03 (edited).mp4","1.59","2026-06-26 00:22:47","f6c0b601-dd80-4afe-a8c7-9ebf8e51f07e","uploaded_to_bunny_processing","2026-07-01 05:39:07",""
"uploaded","Live Studio Classes","Restorative","Live Studio Classes - Restorative","2026-04-21 Tuesday Restorative 18-06-25","2026-04-21 Tuesday Restorative 18-06-25 (edited).mp4","D:\Beyond the Bend Yoga Live Classes\Outbox\2026-04-21 Tuesday Restorative 18-06-25 (edited).mp4","1.5","2026-06-26 04:59:21","07e40609-a30d-4c64-9d6c-0f64064fc7e3","uploaded_to_bunny_processing","2026-07-01 05:48:47",""
"uploaded","Live Studio Classes","Somatic Vinyasa","Live Studio Classes - Somatic Vinyasa","2026-05-11 Monday Somatic Vinyasa 17-44-24","2026-05-11 Monday Somatic Vinyasa 17-44-24 (edited).mp4","D:\Beyond the Bend Yoga Live Classes\Outbox\2026-05-11 Monday Somatic Vinyasa 17-44-24 (edited).mp4","2.38","2026-06-26 05:08:36","601320a3-3fab-4215-a379-4f993a466b95","uploaded_to_bunny_processing","2026-07-01 06:04:40",""
"uploaded","Live Studio Classes","Restorative","Live Studio Classes - Restorative","2026-05-12 Tuesday Restorative 09-39-17","2026-05-12 Tuesday Restorative 09-39-17 (edited).mp4","D:\Beyond the Bend Yoga Live Classes\Outbox\2026-05-12 Tuesday Restorative 09-39-17 (edited).mp4","1.4","2026-06-26 05:15:29","2ca82257-49c8-4481-a606-37fd359a1ed5","uploaded_to_bunny_processing","2026-07-02 00:32:00",""
"uploaded","Live Studio Classes","Restorative","Live Studio Classes - Restorative","2026-05-12 Tuesday Restorative 17-51-23","2026-05-12 Tuesday Restorative 17-51-23 (edited).mp4","D:\Beyond the Bend Yoga Live Classes\Outbox\2026-05-12 Tuesday Restorative 17-51-23 (edited).mp4","1.66","2026-06-26 14:49:33","a5f28817-e80e-4de9-829a-eaf6e3ede5c4","uploaded_to_bunny_processing","2026-07-01 06:22:08",""
"uploaded","Live Studio Classes","Somatic Vinyasa","Live Studio Classes - Somatic Vinyasa","2026-05-18 Monday Somatic Vinyasa 17-51-13","2026-05-18 Monday Somatic Vinyasa 17-51-13 (edited).mp4","D:\Beyond the Bend Yoga Live Classes\Outbox\2026-05-18 Monday Somatic Vinyasa 17-51-13 (edited).mp4","1.76","2026-06-26 05:23:03","9805a266-0a73-48af-a810-16bb4c3cd19c","uploaded_to_bunny_processing","2026-07-01 06:32:36",""
"uploaded","Live Studio Classes","Restorative","Live Studio Classes - Restorative","2026-05-19 Tuesday Restorative 09-41-57","2026-05-19 Tuesday Restorative 09-41-57 (edited).mp4","D:\Beyond the Bend Yoga Live Classes\Outbox\2026-05-19 Tuesday Restorative 09-41-57 (edited).mp4","1.72","2026-06-26 00:49:40","b05e526f-d46a-40eb-925a-e2c8490f4cd9","uploaded_to_bunny_processing","2026-07-01 06:45:17",""
"uploaded","Live Studio Classes","Restorative","Live Studio Classes - Restorative","2026-05-19 Tuesday Restorative 17-38-37","2026-05-19 Tuesday Restorative 17-38-37 (edited).mp4","D:\Beyond the Bend Yoga Live Classes\Outbox\2026-05-19 Tuesday Restorative 17-38-37 (edited).mp4","1.8","2026-06-26 00:59:16","a192e25d-0427-4910-bf74-b50cd8d88d8a","uploaded_to_bunny_processing","2026-07-01 06:55:59",""
"uploaded","Live Studio Classes","Somatic Hatha","Live Studio Classes - Somatic Hatha","2026-05-20 Wednesday Somatikatha 09-49-55","2026-05-20 Wednesday Somatikatha 09-49-55 (edited).mp4","D:\Beyond the Bend Yoga Live Classes\Outbox\2026-05-20 Wednesday Somatikatha 09-49-55 (edited).mp4","1.41","2026-06-26 05:29:28","bbf5772d-d1e4-44ec-bffc-1539c0a50f67","uploaded_to_bunny_processing","2026-07-01 07:05:09",""
"uploaded","Live Studio Classes","Somatic Vinyasa","Live Studio Classes - Somatic Vinyasa","2026-05-25 Monday Somatic Vinyasa 17-46-43","2026-05-25 Monday Somatic Vinyasa 17-46-43 (edited).mp4","D:\Beyond the Bend Yoga Live Classes\Outbox\2026-05-25 Monday Somatic Vinyasa 17-46-43 (edited).mp4","1.65","2026-06-26 05:37:09","86054609-0460-4e36-baf6-6ec46637fd3a","uploaded_to_bunny_processing","2026-07-01 07:16:13",""
"uploaded","Live Studio Classes","Restorative","Live Studio Classes - Restorative","2026-05-26 Tuesday Restorative 09-43-05","2026-05-26 Tuesday Restorative 09-43-05 (edited).mp4","D:\Beyond the Bend Yoga Live Classes\Outbox\2026-05-26 Tuesday Restorative 09-43-05 (edited).mp4","1.6","2026-06-26 05:44:33","9c026248-f394-4e0c-bc3f-40ea198ec06f","uploaded_to_bunny_processing","2026-07-01 07:26:40",""
"uploaded","Live Studio Classes","Restorative","Live Studio Classes - Restorative","2026-05-26 Tuesday Restorative 17-55-46","2026-05-26 Tuesday Restorative 17-55-46 (edited).mp4","D:\Beyond the Bend Yoga Live Classes\Outbox\2026-05-26 Tuesday Restorative 17-55-46 (edited).mp4","2.67","2026-06-26 01:18:24","d8b4eaa8-2549-4713-96ae-5f4e69235b2c","uploaded_to_bunny_processing","2026-07-01 07:45:46",""
"uploaded","Live Studio Classes","Somatic Hatha","Live Studio Classes - Somatic Hatha","2026-05-27 Wednesday Somatikatha 09-53-04","2026-05-27 Wednesday Somatikatha 09-53-04 (edited).mp4","D:\Beyond the Bend Yoga Live Classes\Outbox\2026-05-27 Wednesday Somatikatha 09-53-04 (edited).mp4","1.44","2026-06-26 01:26:26","efb95183-8c31-4a0e-bea0-9401b6042104","uploaded_to_bunny_processing","2026-07-01 07:56:08",""
"uploaded","Live Studio Classes","Somatic Vinyasa","Live Studio Classes - Somatic Vinyasa","2026-06-01 Monday Somatic Vinyasa 17-38-16","2026-06-01 Monday Somatic Vinyasa 17-38-16 (edited).mp4","D:\Beyond the Bend Yoga Live Classes\Outbox\2026-06-01 Monday Somatic Vinyasa 17-38-16 (edited).mp4","2.81","2026-06-26 01:37:49","baadbc63-5446-4486-bb21-8d69f90e97eb","uploaded_to_bunny_processing","2026-07-01 08:15:43",""
"uploaded","Live Studio Classes","Restorative","Live Studio Classes - Restorative","2026-06-02 Tuesday Restorative 09-52-54","2026-06-02 Tuesday Restorative 09-52-54 (edited).mp4","D:\Beyond the Bend Yoga Live Classes\Outbox\2026-06-02 Tuesday Restorative 09-52-54 (edited).mp4","1.92","2026-06-26 01:47:15","b8605870-0c18-46a1-b6d8-cd39ce27eb4b","uploaded_to_bunny_processing","2026-07-01 08:29:37",""
"uploaded","Live Studio Classes","Restorative","Live Studio Classes - Restorative","2026-06-02 Tuesday Restorative 17-45-29","2026-06-02 Tuesday Restorative 17-45-29 (edited).mp4","D:\Beyond the Bend Yoga Live Classes\Outbox\2026-06-02 Tuesday Restorative 17-45-29 (edited).mp4","1.95","2026-06-26 01:56:23","3b7a1e05-a707-4174-8087-68b8cdd3c038","uploaded_to_bunny_processing","2026-07-01 08:41:45",""
"uploaded","Live Studio Classes","Somatic Hatha","Live Studio Classes - Somatic Hatha","2026-06-03 Wednesday Somatikatha 09-46-30","2026-06-03 Wednesday Somatikatha 09-46-30 (edited).mp4","D:\Beyond the Bend Yoga Live Classes\Outbox\2026-06-03 Wednesday Somatikatha 09-46-30 (edited).mp4","1.42","2026-06-26 05:51:21","6433c805-f199-4f7d-b344-dfec71311dd4","uploaded_to_bunny_processing","2026-07-01 08:48:53",""
"uploaded","Live Studio Classes","Somatic Vinyasa","Live Studio Classes - Somatic Vinyasa","2026-06-08 Monday Somatic Vinyasa 17-44-45","2026-06-08 Monday Somatic Vinyasa 17-44-45 (edited).mp4","D:\Beyond the Bend Yoga Live Classes\Outbox\2026-06-08 Monday Somatic Vinyasa 17-44-45 (edited).mp4","3.75","2026-06-26 06:03:19","ffb6c597-def3-439d-bc31-4674c52b7520","uploaded_to_bunny_processing","2026-07-01 09:08:56",""
"uploaded","Live Studio Classes","Restorative","Live Studio Classes - Restorative","2026-06-09 Tuesday Restorative 09-38-09","2026-06-09 Tuesday Restorative 09-38-09 (edited).mp4","D:\Beyond the Bend Yoga Live Classes\Outbox\2026-06-09 Tuesday Restorative 09-38-09 (edited).mp4","2.21","2026-06-26 02:14:25","490ba9c0-26ec-434f-8520-f41e339ec0bc","uploaded_to_bunny_processing","2026-07-01 09:22:18",""
"uploaded","Live Studio Classes","Restorative","Live Studio Classes - Restorative","2026-06-09 Tuesday Restorative 17-43-19","2026-06-09 Tuesday Restorative 17-43-19 (edited).mp4","D:\Beyond the Bend Yoga Live Classes\Outbox\2026-06-09 Tuesday Restorative 17-43-19 (edited).mp4","1.78","2026-06-26 06:11:14","9ed0102b-e93b-4fc9-903e-dace00ffa1c1","uploaded_to_bunny_processing","2026-07-01 09:31:47",""
"uploaded","Live Studio Classes","Somatic Hatha","Live Studio Classes - Somatic Hatha","2026-06-10 Wednesday Somatikatha 09-45-12","2026-06-10 Wednesday Somatikatha 09-45-12 (edited).mp4","D:\Beyond the Bend Yoga Live Classes\Outbox\2026-06-10 Wednesday Somatikatha 09-45-12 (edited).mp4","1.46","2026-06-26 06:18:17","ee5871fd-7b33-427e-a762-a4eb661433d9","uploaded_to_bunny_processing","2026-07-01 09:39:00",""
"uploaded","Live Studio Classes","Somatic Vinyasa","Live Studio Classes - Somatic Vinyasa","2026-06-08 Monday Somatic Vinyasa 17-44-45 (final voice mix)","2026-06-08 Monday Somatic Vinyasa 17-44-45 (edited) (final voice mix).mp4","D:\Beyond the Bend Yoga Live Classes\Outbox\2026-06-08 Monday Somatic Vinyasa 17-44-45 (edited) (final voice mix).mp4","1.69","2026-07-27","b89e4031-1f94-47f5-a2bc-f2e14a0b1a75","uploaded_to_bunny_processing","2026-07-29 12:55:22",""
"uploaded","Live Studio Classes","Restorative","Live Studio Classes - Restorative","2026-06-09 Tuesday Restorative 09-38-09 (final voice mix)","2026-06-09 Tuesday Restorative 09-38-09 (edited) (final voice mix).mp4","D:\Beyond the Bend Yoga Live Classes\Outbox\2026-06-09 Tuesday Restorative 09-38-09 (edited) (final voice mix).mp4","0.87","2026-07-27","6d605ef1-3067-40ba-b9fa-85ba9f998c5e","uploaded_to_bunny_processing","2026-07-29 13:01:07",""
"uploaded","Live Studio Classes","Restorative","Live Studio Classes - Restorative","2026-06-09 Tuesday Restorative 17-43-19 (final voice mix)","2026-06-09 Tuesday Restorative 17-43-19 (edited) (final voice mix).mp4","D:\Beyond the Bend Yoga Live Classes\Outbox\2026-06-09 Tuesday Restorative 17-43-19 (edited) (final voice mix).mp4","0.70","2026-07-27","341947e7-6ba4-4d5b-b848-182adcc31b65","uploaded_to_bunny_processing","2026-07-29 13:06:35",""
"uploaded","Live Studio Classes","Somatic Hatha","Live Studio Classes - Somatic Hatha","2026-06-10 Wednesday Somatikatha 09-45-12 (final voice mix)","2026-06-10 Wednesday Somatikatha 09-45-12 (edited) (final voice mix).mp4","D:\Beyond the Bend Yoga Live Classes\Outbox\2026-06-10 Wednesday Somatikatha 09-45-12 (edited) (final voice mix).mp4","0.65","2026-07-27","6c9f83c3-0f27-4fb3-90d4-c5228e3c67eb","uploaded_to_bunny_processing","2026-07-29 13:11:22",""
"uploaded","Live Studio Classes","Somatic Vinyasa","Live Studio Classes - Somatic Vinyasa","2026-06-15 Monday Somatic Vinyasa 17-46-26 (final voice mix)","2026-06-15 Monday Somatic Vinyasa 17-46-26 (edited) (final voice mix).mp4","D:\Beyond the Bend Yoga Live Classes\Outbox\2026-06-15 Monday Somatic Vinyasa 17-46-26 (edited) (final voice mix).mp4","0.85","2026-07-27","0e7970c7-ef40-4ace-8774-4428dbebcd5d","uploaded_to_bunny_processing","2026-07-29 13:18:42",""
"uploaded","Live Studio Classes","Somatic Vinyasa","Live Studio Classes - Somatic Vinyasa","2026-06-22 Monday Somatic Vinyasa 17-43-33 (final voice mix)","2026-06-22 Monday Somatic Vinyasa 17-43-33 (edited) (final voice mix).mp4","D:\Beyond the Bend Yoga Live Classes\Outbox\2026-06-22 Monday Somatic Vinyasa 17-43-33 (edited) (final voice mix).mp4","0.86","2026-07-27","bfa74711-2e94-48b1-955d-f2dcf97ce746","uploaded_to_bunny_processing","2026-07-29 13:24:04",""
"uploaded","Live Studio Classes","Restorative","Live Studio Classes - Restorative","2026-06-16 Tuesday Restorative 09-50-17 (final voice mix)","2026-06-16 Tuesday Restorative 09-50-17 (edited) (final voice mix).mp4","D:\Beyond the Bend Yoga Live Classes\Outbox\2026-06-16 Tuesday Restorative 09-50-17 (edited) (final voice mix).mp4","0.80","2026-07-27","777dd161-015b-42b5-b2e8-fd15a6d83115","uploaded_to_bunny_processing","2026-07-29 13:29:43",""
"uploaded","Live Studio Classes","Restorative","Live Studio Classes - Restorative","2026-06-16 Tuesday Restorative 17-49-47 (final voice mix)","2026-06-16 Tuesday Restorative 17-49-47 (edited) (final voice mix).mp4","D:\Beyond the Bend Yoga Live Classes\Outbox\2026-06-16 Tuesday Restorative 17-49-47 (edited) (final voice mix).mp4","1.04","2026-07-27","a2598edf-d20a-48d3-90d7-c17b93dda8b6","uploaded_to_bunny_processing","2026-07-29 13:36:48",""
"uploaded","Live Studio Classes","Restorative","Live Studio Classes - Restorative","2026-06-23 Tuesday Restorative 09-49-54 (final voice mix)","2026-06-23 Tuesday Restorative 09-49-54 (edited) (final voice mix).mp4","D:\Beyond the Bend Yoga Live Classes\Outbox\2026-06-23 Tuesday Restorative 09-49-54 (edited) (final voice mix).mp4","0.78","2026-07-27","1b82dafd-55ec-4fcc-bab9-443104301666","uploaded_to_bunny_processing","2026-07-29 13:41:56",""
"uploaded","Live Studio Classes","Restorative","Live Studio Classes - Restorative","2026-06-23 Tuesday Restorative 17-50-48 (final voice mix)","2026-06-23 Tuesday Restorative 17-50-48 (edited) (final voice mix).mp4","D:\Beyond the Bend Yoga Live Classes\Outbox\2026-06-23 Tuesday Restorative 17-50-48 (edited) (final voice mix).mp4","0.90","2026-07-27","15525dc2-a303-48c2-bd31-94d089665dcf","uploaded_to_bunny_processing","2026-07-29 13:48:18",""
"uploaded","Live Studio Classes","Restorative","Live Studio Classes - Restorative","2026-07-07 Tuesday Restorative 17-53-38 (final voice mix)","2026-07-07 Tuesday Restorative 17-53-38 (edited) (final voice mix).mp4","D:\Beyond the Bend Yoga Live Classes\Outbox\2026-07-07 Tuesday Restorative 17-53-38 (edited) (final voice mix).mp4","0.57","2026-07-27","4eaa216c-3a7b-4716-ab42-69801d4b359b","uploaded_to_bunny_processing","2026-07-29 13:52:08",""
"uploaded","Live Studio Classes","Somatic Hatha","Live Studio Classes - Somatic Hatha","2026-06-17 Wednesday Somatikatha 09-54-41 (final voice mix)","2026-06-17 Wednesday Somatikatha 09-54-41 (edited) (final voice mix).mp4","D:\Beyond the Bend Yoga Live Classes\Outbox\2026-06-17 Wednesday Somatikatha 09-54-41 (edited) (final voice mix).mp4","0.65","2026-07-27","3a182086-671e-44fc-b5be-2c220b7edbb2","uploaded_to_bunny_processing","2026-07-29 13:56:21",""
"uploaded","Live Studio Classes","Somatic Hatha","Live Studio Classes - Somatic Hatha","2026-06-24 Wednesday Somatikatha 09-39-55 (final voice mix)","2026-06-24 Wednesday Somatikatha 09-39-55 (edited) (final voice mix).mp4","D:\Beyond the Bend Yoga Live Classes\Outbox\2026-06-24 Wednesday Somatikatha 09-39-55 (edited) (final voice mix).mp4","0.62","2026-07-27","041fc8a8-7d36-40fe-a8e2-320dbfd323ee","uploaded_to_bunny_processing","2026-07-29 13:59:24",""
"uploaded","Live Studio Classes","Somatic Hatha","Live Studio Classes - Somatic Hatha","2026-07-01 Wednesday Somatikatha 09-48-58 (final voice mix)","2026-07-01 Wednesday Somatikatha 09-48-58 (edited) (final voice mix).mp4","D:\Beyond the Bend Yoga Live Classes\Outbox\2026-07-01 Wednesday Somatikatha 09-48-58 (edited) (final voice mix).mp4","0.64","2026-07-27","bebb1b16-88ac-4b53-aa17-5a8bd2f2da35","uploaded_to_bunny_processing","2026-07-29 14:03:00",""
"uploaded","Live Studio Classes","Somatic Hatha","Live Studio Classes - Somatic Hatha","2026-07-08 Wednesday Somatikatha 09-51-36 (final voice mix)","2026-07-08 Wednesday Somatikatha 09-51-36 (edited) (final voice mix).mp4","D:\Beyond the Bend Yoga Live Classes\Outbox\2026-07-08 Wednesday Somatikatha 09-51-36 (edited) (final voice mix).mp4","0.60","2026-07-27","b5824274-9bf2-42f0-83da-bee48f3848b7","uploaded_to_bunny_processing","2026-07-29 14:06:33",""
"uploaded","Live Studio Classes","Somatic Hatha","Live Studio Classes - Somatic Hatha","2026-07-15 Wednesday Somatikatha 09-34-50 (final voice mix)","2026-07-15 Wednesday Somatikatha 09-34-50 (edited) (final voice mix).mp4","D:\Beyond the Bend Yoga Live Classes\Outbox\2026-07-15 Wednesday Somatikatha 09-34-50 (edited) (final voice mix).mp4","0.55","2026-07-27","0bb2d9db-f053-4ac0-81f3-a1a2a580bf56","uploaded_to_bunny_processing","2026-07-29 14:09:40",""
